-- ุงุทููุงู ุงุฒ ูุฌูุฏ ฺุชโุจุงุชโูุง
INSERT INTO chatbots (id, name, primary_color, text_color, background_color, chat_icon, position, welcome_message, navigation_message, stats_multiplier)
VALUES 
  (1, 'ฺุชโุจุงุช ูพุดุชุจุงู ุงุตู', '#3B82F6', '#FFFFFF', '#F3F4F6', '๐ฌ', 'bottom-right', 'ุณูุงู! ุจู ุณุณุชู ูพุดุชุจุงู ูุง ุฎูุด ุขูุฏุฏ.', 'ฺุทูุฑ ูโุชูุงูู ฺฉูฺฉุชุงู ฺฉููุ', 1.0),
  (2, 'ฺุชโุจุงุช ูุฑูุด', '#10B981', '#FFFFFF', '#F3F4F6', '๐', 'bottom-right', 'ุณูุงู! ุจู ูุฑูุดฺฏุงู ูุง ุฎูุด ุขูุฏุฏ.', 'ฺู ูุญุตูู ุฏูุจุงู ูโฺฉูุฏุ', 2.0)
ON CONFLICT (id) DO UPDATE SET
  stats_multiplier = EXCLUDED.stats_multiplier;

-- ุงุถุงูู ฺฉุฑุฏู ูพุงูโูุง ุจุดุชุฑ
INSERT INTO chatbot_messages (chatbot_id, user_message, bot_response, user_ip, timestamp)
VALUES
  (1, 'ุณูุงู ุฎูุจุฏุ', 'ุณูุงู! ุจูู ููููู. ฺุทูุฑ ูโุชูุงูู ฺฉูฺฉุชุงู ฺฉููุ', '192.168.1.1', NOW()),
  (1, 'ููุช ูุญุตููุงุช ฺูุฏุฑ ุงุณุชุ', 'ููุชโูุง ูุชูุงูุช ุงุณุช. ฺฉุฏุงู ูุญุตูู ุฑุง ูโุฎูุงูุฏุ', '192.168.1.2', NOW() - INTERVAL '1 hour'),
  (1, 'ุงุฑุณุงู ุฑุงฺฏุงู ุฏุงุฑุฏุ', 'ุจููุ ุจุฑุง ุฎุฑุฏูุง ุจุงูุง 500 ูุฒุงุฑ ุชููุงู ุงุฑุณุงู ุฑุงฺฏุงู ุงุณุช.', '192.168.1.3', NOW() - INTERVAL '2 hours'),
  (1, 'ฺุทูุฑ ุณูุงุฑุด ุฏููุ', 'ูโุชูุงูุฏ ุงุฒ ูุจุณุงุช ูุง ุณูุงุฑุด ุฏูุฏ ุง ุจุง ุดูุงุฑู ุชูุงุณ ุจฺฏุฑุฏ.', '192.168.1.4', NOW() - INTERVAL '3 hours'),
  (1, 'ฺฏุงุฑุงูุช ุฏุงุฑุฏุ', 'ุจููุ ุชูุงู ูุญุตููุงุช ูุง ุฏุงุฑุง ฺฏุงุฑุงูุช ูุนุชุจุฑ ูุณุชูุฏ.', '192.168.1.5', NOW() - INTERVAL '4 hours'),
  (2, 'ูุญุตููุงุช ุฌุฏุฏ ฺูุ', 'ูุญุตููุงุช ุฌุฏุฏ ูุง ุดุงูู ฺฏูุดโูุง ููุดููุฏ ู ููพโุชุงูพโูุง ุงุณุช.', '192.168.1.6', NOW() - INTERVAL '30 minutes'),
  (2, 'ุชุฎูู ุฏุงุฑุฏุ', 'ุจููุ ุงู ููุชู ุชุฎูู ูฺู 20 ุฏุฑุตุฏ ุฏุงุฑู.', '192.168.1.7', NOW() - INTERVAL '1 hour'),
  (2, 'ุฒูุงู ุงุฑุณุงู ฺูุฏุฑ ุงุณุชุ', 'ูุนูููุงู 2 ุชุง 3 ุฑูุฒ ฺฉุงุฑ ุทูู ูโฺฉุดุฏ.', '192.168.1.8', NOW() - INTERVAL '2 hours');

-- ุงุถุงูู ฺฉุฑุฏู ุชฺฉุชโูุง ุจุดุชุฑ
INSERT INTO tickets (chatbot_id, user_ip, subject, message, status, priority, created_at)
VALUES
  (1, '192.168.1.100', 'ูุดฺฉู ุฏุฑ ูพุฑุฏุงุฎุช', 'ููโุชูุงูู ูพุฑุฏุงุฎุช ฺฉูู', 'open', 'high', NOW()),
  (1, '192.168.1.101', 'ุณูุงู ุฏุฑุจุงุฑู ูุญุตูู', 'ุงู ูุญุตูู ููุฌูุฏ ุงุณุชุ', 'closed', 'medium', NOW() - INTERVAL '1 day'),
  (1, '192.168.1.102', 'ุชุงุฎุฑ ุฏุฑ ุงุฑุณุงู', 'ุณูุงุฑุดู ูุฑุณุฏู', 'in_progress', 'high', NOW() - INTERVAL '2 days'),
  (2, '192.168.1.103', 'ุฏุฑุฎูุงุณุช ูุฑุฌูุน', 'ูโุฎูุงูู ูุฑุฌูุน ฺฉูู', 'open', 'medium', NOW() - INTERVAL '1 hour'),
  (2, '192.168.1.104', 'ุณูุงู ูู', 'ฺุทูุฑ ูุตุจ ฺฉููุ', 'resolved', 'low', NOW() - INTERVAL '3 days');
